발생일,사고유형
2023-01-02,넘어짐
2023-01-04,끼임
2023-01-05,넘어짐
2023-01-07,화상
2023-01-10,깔림·뒤집힘
2023-01-11,맞음
2023-01-14,떨어짐
2023-01-15,떨어짐
2023-01-17,부딪힘
2023-01-20,깔림·뒤집힘
2023-02-02,맞음
2023-02-03,맞음
2023-02-07,절단·베임
2023-02-14,끼임
2023-02-18,넘어짐
2023-02-28,부딪힘
2023-03-18,넘어짐
2023-03-22,감전
2023-03-30,감전
2023-04-04,떨어짐
2023-04-10,넘어짐
2023-04-12,떨어짐
2023-04-15,부딪힘
2023-05-02,맞음
2023-05-23,넘어짐
2023-05-31,넘어짐
2023-06-01,끼임
2023-06-06,떨어짐
2023-06-12,넘어짐
2023-06-13,끼임
2023-06-16,절단·베임
2023-06-20,절단·베임
2023-06-22,넘어짐
2023-06-24,맞음
2023-07-01,감전
2023-07-02,화상
2023-07-03,절단·베임
2023-07-04,떨어짐
2023-07-08,질식
2023-07-09,절단·베임
2023-07-10,떨어짐
2023-07-12,떨어짐
2023-07-14,떨어짐
2023-07-16,넘어짐
2023-07-17,넘어짐
2023-07-18,떨어짐
2023-07-19,넘어짐
2023-07-21,떨어짐
2023-07-23,끼임
2023-07-24,깔림·뒤집힘
2023-07-25,부딪힘
2023-07-26,떨어짐
2023-07-31,맞음
2023-08-02,끼임
2023-08-06,깔림·뒤집힘
2023-08-08,화상
2023-08-10,감전
2023-08-11,부딪힘
2023-08-13,맞음
2023-08-22,맞음
2023-08-25,화상
2023-08-26,떨어짐
2023-09-26,끼임
2023-09-27,화상
2023-10-03,떨어짐
2023-10-17,깔림·뒤집힘
2023-11-04,절단·베임
2023-11-10,부딪힘
2023-11-19,맞음
2023-11-21,넘어짐
2023-11-27,넘어짐
2023-11-29,맞음
2023-12-02,맞음
2024-01-11,부딪힘
2024-01-15,넘어짐
2024-01-16,절단·베임
2024-01-20,넘어짐
2024-01-23,감전
2024-01-24,절단·베임
2024-02-10,넘어짐
2024-02-13,절단·베임
2024-02-16,넘어짐
2024-02-19,맞음
2024-02-24,떨어짐
2024-02-27,떨어짐
2024-03-03,넘어짐
2024-03-14,넘어짐
2024-03-19,맞음
2024-04-04,깔림·뒤집힘
2024-04-05,끼임
2024-04-09,떨어짐
2024-04-25,넘어짐
2024-05-05,절단·베임
2024-05-07,질식
2024-05-18,절단·베임
2024-05-21,끼임
2024-05-26,질식
2024-05-28,끼임
2024-06-06,넘어짐
2024-06-07,떨어짐
2024-06-09,넘어짐
2024-06-11,떨어짐
2024-06-15,질식
2024-06-19,끼임
2024-06-20,넘어짐
2024-06-23,끼임
2024-06-24,넘어짐
2024-06-26,맞음
2024-06-28,맞음
2024-07-02,맞음
2024-07-07,부딪힘
2024-07-08,끼임
2024-07-09,맞음
2024-07-12,부딪힘
2024-07-13,감전
2024-07-14,떨어짐
2024-07-15,떨어짐
2024-07-16,감전
2024-07-20,맞음
2024-07-23,떨어짐
2024-07-24,맞음
2024-07-29,넘어짐
2024-08-02,감전
2024-08-03,떨어짐
2024-08-10,떨어짐
2024-08-15,화상
2024-08-19,절단·베임
2024-08-24,절단·베임
2024-08-28,질식
2024-08-29,부딪힘
2024-09-15,떨어짐
2024-09-26,넘어짐
2024-10-01,끼임
2024-10-05,부딪힘
2024-10-07,떨어짐
2024-10-15,끼임
2024-10-16,부딪힘
2024-10-22,절단·베임
2024-10-23,절단·베임
2024-10-25,맞음
2024-10-29,부딪힘
2024-11-05,떨어짐
2024-11-12,부딪힘
2024-11-15,넘어짐
2024-11-17,떨어짐
2024-11-19,부딪힘
2024-11-26,화상
2024-12-03,부딪힘
2024-12-08,절단·베임
2024-12-17,맞음
2024-12-24,떨어짐
2024-12-30,넘어짐
2025-01-04,넘어짐
2025-01-06,화상
2025-01-07,떨어짐
2025-01-15,화상
2025-01-16,떨어짐
2025-01-19,감전
2025-01-25,맞음
2025-01-31,떨어짐
2025-02-08,감전
2025-02-12,감전
2025-02-14,절단·베임
2025-02-17,넘어짐
2025-02-19,감전
2025-02-22,질식
2025-02-24,부딪힘
2025-03-04,화상
2025-03-27,맞음
2025-03-28,넘어짐
2025-04-03,깔림·뒤집힘
2025-04-08,끼임
2025-04-14,떨어짐
2025-04-15,떨어짐
2025-04-20,넘어짐
2025-04-22,떨어짐
2025-04-27,감전
2025-04-29,맞음
2025-05-02,화상
2025-05-03,절단·베임
2025-05-06,넘어짐
2025-05-13,끼임
2025-05-15,깔림·뒤집힘
2025-05-26,끼임
2025-05-29,부딪힘
2025-06-08,넘어짐
2025-06-09,맞음
2025-06-10,끼임
2025-06-16,떨어짐
2025-06-24,맞음
2025-06-26,맞음
2025-07-01,끼임
2025-07-03,맞음
2025-07-04,맞음
2025-07-07,떨어짐
2025-07-08,감전
2025-07-11,화상
2025-07-12,맞음
2025-07-13,화상
2025-07-15,넘어짐
2025-07-18,넘어짐
2025-07-19,맞음
2025-07-20,절단·베임
2025-07-21,부딪힘
2025-07-22,깔림·뒤집힘
2025-07-27,질식
2025-08-02,떨어짐
2025-08-03,맞음
2025-08-07,깔림·뒤집힘
2025-08-08,넘어짐
2025-08-13,맞음
2025-08-17,부딪힘
2025-08-19,끼임
2025-08-25,넘어짐
2025-08-26,절단·베임
2025-08-28,화상
2025-08-29,절단·베임
2025-08-30,맞음
2025-09-02,부딪힘
2025-09-08,부딪힘
2025-09-09,끼임
2025-09-16,감전
2025-09-19,끼임
2025-09-27,끼임
2025-09-30,끼임
2025-10-07,넘어짐
2025-10-20,부딪힘
2025-11-03,맞음
2025-11-11,넘어짐
2025-11-17,깔림·뒤집힘
2025-11-19,넘어짐
2025-11-20,깔림·뒤집힘
2025-11-24,넘어짐
2025-12-02,떨어짐
2025-12-15,절단·베임
2025-12-16,맞음
2025-12-25,절단·베임
2025-12-26,떨어짐
2025-12-30,맞음
2025-12-31,떨어짐
