자료구분,현장명,발생일,발생시각,작업구역,작업명,사고유형,재해정도,재해자수,사용장비,기상,기온_섭씨,사고개요,직접원인,기여요인,즉시조치,재발방지대책,휴업일수
가상 시연 데이터(실제 사례 아님),가상 아파트 건설현장,2025-01-08,09:15,101동 지하 1층 램프,자재 운반,넘어짐,경상,1,핸드카트,맑음,2,바닥 포장 비닐을 밟고 미끄러져 무릎을 부딪힘,통로 바닥의 미끄럼 물질,운반 동선과 폐기물 적치 구역이 겹침,작업 중지 후 응급처치하고 비닐 제거,운반 전 통로 점검 및 폐기물 즉시 수거,2
가상 시연 데이터(실제 사례 아님),가상 아파트 건설현장,2025-02-19,14:40,103동 12층 외벽,창호 주변 마감,떨어짐,휴업,1,이동식 비계,흐림,3,비계 작업발판에서 균형을 잃어 한 단 아래로 떨어짐,가장자리 작업 중 안전대 미체결,난간 일부 해체 상태 및 점검 생략,작업구역 통제 후 구조 요청 및 이송,난간 복구 확인과 안전대 체결점 지정,21
가상 시연 데이터(실제 사례 아님),가상 아파트 건설현장,2025-03-06,10:05,타워크레인 자재 인양 구역,철근 다발 양중,맞음,휴업,1,타워크레인·슬링벨트,맑음,8,흔들린 철근 다발 끝부분이 유도 작업자의 팔을 타격,하중 흔들림 상태에서 근접 유도,신호수와 유도자 역할 중복 및 출입통제선 미설치,양중 중지 후 부상자 응급처치,신호수 단일화와 하중 아래 접근금지 구역 설치,14
가상 시연 데이터(실제 사례 아님),가상 아파트 건설현장,2025-04-03,16:20,지하 2층 전기실 앞,임시 전선 정리,감전,휴업,1,임시분전반·절연공구,흐림,13,피복이 손상된 연장선을 옮기다 손끝에 전기 충격을 느낌,손상 케이블의 통전 상태 취급,누전차단기 시험 기록 누락,전원 차단 및 잠금표지 후 의료 확인,손상 케이블 폐기와 작업 전 전원 차단 확인,10
가상 시연 데이터(실제 사례 아님),가상 아파트 건설현장,2025-04-24,08:50,104동 5층 계단실,거푸집 자재 이동,부딪힘,경상,1,운반 손수레,맑음,18,계단참 임시 적치 자재 모서리에 정강이를 부딪힘,시야를 가린 자재를 들고 이동,계단실 적치 금지 안내 부족,자재를 옮기고 상처 소독,계단 및 피난 동선 적치 금지와 운반량 분할,1
가상 시연 데이터(실제 사례 아님),가상 아파트 건설현장,2025-05-07,13:30,105동 8층 세대 내부,천장 설비 배관,끼임,경상,1,전동 파이프커터,맑음,22,절단물을 잡던 손가락이 공구 가동부에 눌림,공구 정지 전 절단물 위치 조정,보조자와 손 신호 미합의,전원 차단 후 냉찜질 및 상태 관찰,공구별 안전수칙 교육과 고정구 사용,3
가상 시연 데이터(실제 사례 아님),가상 아파트 건설현장,2025-05-21,11:10,주차장 램프 출입부,레미콘 차량 유도,교통사고,휴업,1,레미콘 차량,비,23,후진 차량과 유도자의 경로가 겹쳐 발이 바퀴에 접촉,후진 경로 안쪽에서 유도,우천 시야 저하 및 보행로 분리 미흡,차량 정지 후 응급 이송 및 출입부 통제,유도자 안전 위치 지정과 보행로 물리 분리,30
가상 시연 데이터(실제 사례 아님),가상 아파트 건설현장,2025-06-04,15:05,옥상 자재 적치장,단열재 하역,떨어지는 물체,경상,1,지게차·결속밴드,맑음,27,결속 해제 중 단열재 묶음 일부가 발등에 떨어짐,불안정한 적재 상태에서 결속 해제,하역 순서 미수립 및 안전화 확인 누락,하역 중단 후 적재물 안정화,평탄한 적재면 확보와 하역구역 출입 통제,4
가상 시연 데이터(실제 사례 아님),가상 아파트 건설현장,2025-06-18,14:15,106동 3층 발코니,난간 설치,떨어짐,휴업,1,임팩트 드라이버,맑음,29,개구부 쪽으로 이동하다 균형을 잃어 추락방지망에 걸림,개구부 인접 작업 중 안전대 미체결,임시 덮개 미설치와 작업 순서 변경 미공유,작업 중지 및 추락방지망 점검,개구부 덮개 선설치 후 안전대 체결 확인,18
가상 시연 데이터(실제 사례 아님),가상 아파트 건설현장,2025-06-26,10:35,지하 1층 기계실,배관 용접,화재,경상,1,용접기·소화기,맑음,30,불티가 보온재 포장재에 옮겨 붙어 초기 연기 발생,화기 작업 불티 비산 방지 미흡,가연물 제거 및 화재감시자 확인 누락,전원 차단 후 초기 진압과 잔불 확인,화기작업 허가와 불티 비산막 및 감시자 배치,0
가상 시연 데이터(실제 사례 아님),가상 아파트 건설현장,2025-07-09,13:05,107동 10층 복도,타일 접착 작업,유해물질 노출,경상,1,절단기·집진기,맑음,34,타일 절단 분진과 접착제 냄새로 눈과 목 자극,국소 집진 없이 절단하고 환기 부족,보호구 밀착도 확인 미흡,신선한 공기로 이동 후 환기,습식 절단 또는 집진기 사용과 보호구 확인,1
가상 시연 데이터(실제 사례 아님),가상 아파트 건설현장,2025-07-16,15:50,현장 북측 자재장,철근 하역,근골격계 부담,경상,1,철근 운반용 집게,맑음,32,긴 철근을 혼자 방향 전환하다 허리 통증 발생,중량물 단독 취급 및 허리 비틀림,작업 인원 변경 미반영,작업 중지 후 휴식과 증상 확인,운반 인원 사전 확인과 기계 보조수단 사용,3
가상 시연 데이터(실제 사례 아님),가상 아파트 건설현장,2025-07-23,14:25,108동 6층 외부 비계,외벽 도장,온열질환,휴업,1,에어리스 도장기,맑음,31,고온 환경에서 연속 작업 후 어지럼과 근육 경련 호소,휴식 없이 장시간 작업,그늘 휴게 장소와 물 제공 위치 안내 부족,그늘로 이동해 냉각하고 상태 관찰,폭염 단계별 휴식과 수분 보충 및 동료 관찰,5
가상 시연 데이터(실제 사례 아님),가상 아파트 건설현장,2025-07-30,09:40,지하 3층 집수정,배수펌프 점검,질식,휴업,1,휴대용 가스측정기,맑음,30,집수정 진입 직후 어지럼을 느껴 동료가 외부 구조,가스 측정 전 밀폐공간 진입,작업허가서와 감시인 배치 확인 누락,추가 진입 금지 후 구조대 요청과 환기,진입 전후 가스 측정과 감시인 및 구조장비 상시 배치,45
가상 시연 데이터(실제 사례 아님),가상 아파트 건설현장,2025-08-06,10:20,109동 15층 외벽,창호 유리 인양,맞음,휴업,1,윈치·유리흡착기,흐림,32,인양 중 흡착력이 저하되어 유리 가장자리가 어깨를 침,흡착 상태 확인 없이 인양 진행,장비 점검표 미작성 및 순간 돌풍 확인 부족,인양 중지 후 유리 고정 및 부상 확인,흡착기 시험과 풍속 기준 설정 및 하부 통제,20
가상 시연 데이터(실제 사례 아님),가상 아파트 건설현장,2025-08-13,16:10,단지 내 임시도로,덤프트럭 후진,교통사고,경상,1,덤프트럭·후방카메라,비,29,빗물 고인 도로에서 보행자가 미끄러져 저속 차량과 접촉,보행자와 차량 동선 교차,우천 시야 저하 및 보행로 배수 불량,차량 운행 중지 후 부상 확인,배수로 정비와 보행로 분리 및 우천 유도자 배치,7
가상 시연 데이터(실제 사례 아님),가상 아파트 건설현장,2025-08-20,11:45,110동 4층 세대 내부,벽체 천공,감전,경상,1,해머드릴·전선탐지기,맑음,28,벽체 천공 중 매립 전선에 접촉해 공구가 순간 정지,매립 전선 위치 확인 없이 천공,최신 도면 공유 누락 및 탐지 절차 미준수,전원 차단 후 공구 점검,최신 설비도면 확인과 전선탐지 및 회로 사전 차단,2
가상 시연 데이터(실제 사례 아님),가상 아파트 건설현장,2025-09-02,08:35,지상 1층 보행 통로,자재 반입,넘어짐,경상,1,수동 대차,맑음,26,통로에 남은 결속밴드를 밟아 발목을 접질림,정리되지 않은 결속밴드,반입 종료 후 청소 담당 불명확,통로 확보 후 냉찜질과 상태 확인,작업 종료 정리 점검과 폐기물 담당 지정,4
가상 시연 데이터(실제 사례 아님),가상 아파트 건설현장,2025-09-17,13:55,지하주차장 램프 천장,소방 배관 설치,떨어지는 물체,휴업,1,고소작업대·스패너,흐림,25,작업대에서 떨어진 소켓이 하부 작업자의 어깨에 맞음,공구 낙하 방지 미적용,상하 동시 작업 및 하부 통제 미흡,동시 작업 중지 후 하부 통제와 부상 확인,공구 랜야드 사용과 고소작업 하부 출입 통제,12
가상 시연 데이터(실제 사례 아님),가상 아파트 건설현장,2025-10-08,10:50,111동 7층 발코니,창호 실리콘 작업,떨어짐,휴업,1,이동식 작업대,맑음,17,작업대에 올라간 채 이동하다 바퀴가 턱에 걸려 넘어짐,탑승 상태에서 작업대 이동,바퀴 잠금 확인 미흡 및 교육 부족,작업대 고정 후 작업자 상태 확인,이동 전 하강과 바퀴 잠금 및 바닥 상태 확인,16
가상 시연 데이터(실제 사례 아님),가상 아파트 건설현장,2025-10-22,15:30,옥상 배수구 주변,방수층 보수,미끄러짐,경상,1,열풍기,비,16,젖은 방수 시트 위에서 미끄러져 손바닥을 짚음,젖은 바닥과 작업 부산물,강우 예보 후 작업 지속 및 표지 없음,작업 중지 후 바닥 건조 및 상처 소독,강우 시 작업 중단 기준과 미끄럼 표지 운영,2
가상 시연 데이터(실제 사례 아님),가상 아파트 건설현장,2025-11-19,09:25,103동 지하 기계실,펌프 정비,끼임,휴업,1,체인블록·스패너,맑음,7,회전부 덮개 분리 중 축이 움직여 장갑이 걸림,에너지 차단 확인 없이 정비,잠금표지 미운영 및 재가동 신호 혼선,설비 정지와 전원 차단 후 응급조치,잠금표지와 무전압 확인 및 방호덮개 복구 확인,24
가상 시연 데이터(실제 사례 아님),가상 아파트 건설현장,2025-12-03,14:05,112동 2층 세대 내부,석고보드 운반,근골격계 부담,경상,1,보드 운반 카트,맑음,4,석고보드를 좁은 문으로 비틀어 넣다 어깨 통증 발생,부적절한 들기 자세와 방향 전환,문폭과 운반 경로 사전 점검 부족,작업 중지 후 휴식과 통증 확인,운반 전 경로 확인 및 2인 운반과 카트 사용,3
가상 시연 데이터(실제 사례 아님),가상 아파트 건설현장,2025-12-17,08:10,현장 정문 출입부,작업자 출근 이동,교통사고,경상,1,승합차,눈,1,결빙된 출입부에서 차량이 미끄러져 보행 통제 담당자와 접촉,출입부 제설과 감속 조치 지연,새벽 기온 하강 및 제설 담당 미지정,차량 정지 후 출입부 통제와 부상 확인,결빙 순찰과 제설제 비치 및 보행자 동선 분리,6
