ID,분야,질문,원본정답ID,정답ID,정답확인문구
Q01,건설업 사고사례,화물차에서 굴착기를 내릴 때 전도를 예방하려면 어떤 조치를 해야 하나요?,sif-construction-2-chunk-1,건설업-1,발판은 충분한 길이·폭·강도를 갖춰야 한다.
Q02,제조업 사고사례,화물용 리프트에 제품을 싣는 작업 중 개구부 추락을 막는 대책은 무엇인가요?,sif-manufacturing-1-chunk-1,제조업등-0,개구부에 추락방지용 덮개 설치
Q03,사고사망 통계,2025년 5인 미만 사업장의 사고사망자 수는 몇 명인가요?,death-by-size-5인 미만-chunk-1,통계-5인미만,2025년 사고사망자수는 354명.
Q04,건설업 사고사례,굴착기 작업반경 안에서 근로자의 충돌·끼임을 막으려면 무엇을 해야 하나요?,sif-construction-2673-chunk-1,건설업-2672,작업반경 내 근로자 출입 금지
Q05,건설업 사고사례,건설용 리프트가 층 사이에 멈췄을 때 작업자가 하면 안 되는 행동은 무엇인가요?,sif-construction-3139-chunk-1,건설업-3138,억지로 문을 열고 이동하지 말고 관리자에게 연락해 대기
Q06,제조업 사고사례,이 사고 상황의 재발을 막기 위해 어떤 조치가 필요한가요? (작업장소 통행·이동) 현장 창고에서 재해자가 이동 중 후진하던 페이로더에 깔려 사망,sif-manufacturing-10-chunk-1,제조업등-9,유자격자 운전 철저 관리
Q07,제조업 사고사례,이 사고 상황의 재발을 막기 위해 어떤 조치가 필요한가요? (시운전 또는 성능시험 작업) 현장 화학제품 제조공정에서 재해자가 열처리로 시험 운전 중 열처리로 내부에 설치된 내화물에 포함된 물이 누출되어 수증기로 변하면서 팽창 폭발하여 다수의 근로자가 사망,sif-manufacturing-100-chunk-1,제조업등-99,로타리킬른은 내화물을 완전히 건조시킨 후 가동
Q08,제조업 사고사례,이 사고 상황의 재발을 막기 위해 어떤 조치가 필요한가요? (그라인더 등 공구 사용 작업) 현장 내에서 레버풀러를 정비차량의 차체에 걸어서 잡아당기던 중 고정용 체인이 끊어지면서 재해자를 때려 사망함,sif-manufacturing-1000-chunk-1,제조업등-999,"체인의 상태를 수시 점검하여 변형, 파손, 부식, 마모 , 균열 등이 있는 것을 사용하지 않도록 주의"
Q09,제조업 사고사례,이 사고 상황의 재발을 막기 위해 어떤 조치가 필요한가요? (비정형 작업(점검)) 현장에서 화물자동차 점검 중 재해자가 차량 하부에 있는 실린더 밸브를 조작하여 순간적으로 차량이 후진하면서 차량 바퀴에 깔려 사망,sif-manufacturing-1002-chunk-1,제조업등-1001,화물자동차 수리 등의 작업 시 안전조치 실시
Q10,제조업 사고사례,"이 사고 상황의 재발을 막기 위해 어떤 조치가 필요한가요? (비정형 작업(정비·수리·교체·조정)) 작업장에서 재해자가 노면청소차의 유압실린더를 작동하여 적재함을 들어올린 후 적재함과 프레임 사이에 들어가 정비하던 중, 적재함이 내려와 적재함과 차체프레임 사이에 끼어 사망",sif-manufacturing-1004-chunk-1,제조업등-1003,작업지휘자를 배치하여 작업순서를 결정하고 작업지휘
Q11,제조업 사고사례,"이 사고 상황의 재발을 막기 위해 어떤 조치가 필요한가요? (사다리 사용 작업·통행) OO공업사 재해자가 리프트 와이어로프를 교체하기 위해 이동식 사다리(A형)를 놓고 상부 골조로 올라가던 중, 이동식 사다리가 넘어지면서 개구부인 5.5m 아래로 떨어져 사망한 사고임",sif-manufacturing-1008-chunk-1,제조업등-1007,고소작업에 적합한 이동식 비계 등 작업도구(설비) 활용
Q12,제조업 사고사례,"이 사고 상황의 재발을 막기 위해 어떤 조치가 필요한가요? (상하차 작업 또는 화물(물체)이 적재된 장소 주변에서의 작업) 현장 정비고 앞에서 폐차압축기 프레임(구조물) 조립작업 중 폐차압축기 프레임 옆면과 가용접 되어있던 폐차압축기 상판이 전도되면서 2명이 사상(1명 사망, 1명 부상)",sif-manufacturing-1009-chunk-1,제조업등-1008,중량물을 취급하는 조립하는 작업을 할 때는 크레인 등과 같은 인양설비를 사용하여 붙들어 매는 등의 적절한 전도방지조치 실시
Q13,제조업 사고사례,이 사고 상황의 재발을 막기 위해 어떤 조치가 필요한가요? (원료 투입 작업) 현장 섬유 가공 공정에서 재해자가 섬유원단을 가공하기 위해 롤러에 투입 중 팔이 말려들어가 부상을 입음,sif-manufacturing-101-chunk-1,제조업등-100,운전중인 텐터기의 와인더 롤러에 원단투입 작업 금지
Q14,제조업 사고사례,"이 사고 상황의 재발을 막기 위해 어떤 조치가 필요한가요? (설비, 구조물 등 높은 장소에서의 작업) 재해자가 화물차에 도색작업을 하는 중 1.4m 높이의 작업발판에서 떨어져 사망",sif-manufacturing-1010-chunk-1,제조업등-1009,안전난간이 설치된 작업발판 사용
Q15,제조업 사고사례,이 사고 상황의 재발을 막기 위해 어떤 조치가 필요한가요? (용접(용단)·절단·사상 또는 도장 작업) 현장에서 재해자가 공드럼 상판을 절단하기 위해 산소절단기로 용단하는 순간 폭발하여 사망,sif-manufacturing-1011-chunk-1,제조업등-1010,용기 내부의 위험물 제거 등의 폭발 예방조치 실시
Q16,제조업 사고사례,"이 사고 상황의 재발을 막기 위해 어떤 조치가 필요한가요? (위험물질 취급 또는 그 장소에서 작업) 폐차장 작업장에서 재해자가 연료탱크 내 잔유(휘발유)를 플라스틱 용기에 담던 중 원인미상의 점화원에 의한 화재 발생, 재해자가 화상을 입고 병원치료 중 사망",sif-manufacturing-1013-chunk-1,제조업등-1012,인화성 액체(휘발유) 취급 장소 화재예방 조치 실시
Q17,제조업 사고사례,이 사고 상황의 재발을 막기 위해 어떤 조치가 필요한가요? (고소작업대 사용 작업) OO자동차정비소 내 부품 입고장 앞에서 재해자가 비 가림용 차양막 설치작업 중 차량탑재형 고소작업대에서 몸의 균형을 잃고 작업장 바닥으로 떨어져 서멍,sif-manufacturing-1017-chunk-1,제조업등-1016,고소작업대 안전난간 설치
Q18,제조업 사고사례,이 사고 상황의 재발을 막기 위해 어떤 조치가 필요한가요? (가공설비 등 사용 작업) 현장내 범용 선반에서 가공중인 샤프트가 회전에 의해 휘어지면서 투입구 측에 위치한 밀링 작업자의 안면을 가격해 사망,sif-manufacturing-1018-chunk-1,제조업등-1017,선반 측면에 회전하고 있는 돌출 가공물에 의해 재해의 위험이 있는 경우 방호울 또는 덮개를 설치
Q19,제조업 사고사례,이 사고 상황의 재발을 막기 위해 어떤 조치가 필요한가요? (기계식주차설비 정비·점검 등) 주차타워에서 재해자가 보수작업을 위해 리프트에 탑승하여 수동 조작으로 17층으로 올라가는 도중 상부기계실의 권상기의 축이 파단되면서 주차용 리프트가 급 상승하여 재해자가 바닥으로 추락하여 사망,sif-manufacturing-1024-chunk-1,제조업등-1023,권상기의 유지보수 시 규격 부품 사용
Q20,제조업 사고사례,이 사고 상황의 재발을 막기 위해 어떤 조치가 필요한가요? (비정형 작업(이물질 제거·청소)) 정삭공정에서 재해자가 터닝센터를 사용하여 부품을 가공하다가 가공시 발생한 칩을 제거하기 위해 터닝센터를 멈추고 내부 가공위치에 들어가던 중 갑자기 회전하는 주축대에 넘어져 위에 설치된 척에 부딪혀 사망,sif-manufacturing-1038-chunk-1,제조업등-1037,안전 인터록 시스템(연동장치)의 도어 장금 장치 정상화
Q21,제조업 사고사례,이 사고 상황의 재발을 막기 위해 어떤 조치가 필요한가요? (지게차 사용 작업) 현장 OO 소속 재해자가 지게차 포크로 프레임 구조부재와 상부철판 사이 틈을 벌리다가 프레임이 넘어지면서 재해자 흉부를 타격하여 사망,sif-manufacturing-1048-chunk-1,제조업등-1047,제품을 붙들어 지탱하는 등 넘어질 우려가 없도록 안전조치
Q22,제조업 사고사례,"이 사고 상황의 재발을 막기 위해 어떤 조치가 필요한가요? (이동식크레인(카고 크레인, 집게차) 사용 작업) 현장 OO 소속 근로자들이 상판을 고정하던 C형 클램프가 철골 빔에서 빠지면서 상판이 낙하하여 상판 위에서 작업 중이던 근로자가 사망",sif-manufacturing-1051-chunk-1,제조업등-1050,비계를 조립하는 등의 방법으로 작업발판을 설치하고 작업 실시
Q23,제조업 사고사례,이 사고 상황의 재발을 막기 위해 어떤 조치가 필요한가요? (중량물 취급·운반 작업) 현장 체인블록을 사용하여 압력용기를 들어 세우던 중 체인블록의 체인이 파단되면서 주변 작업 재해자가 전도되는 압력용기에 깔려 사망.,sif-manufacturing-1052-chunk-1,제조업등-1051,체인블록 등 달기구의 안전한 사용 방법에 따라 정격하중을 초과
Q24,제조업 사고사례,"이 사고 상황의 재발을 막기 위해 어떤 조치가 필요한가요? (지붕, 천장 등 위에서 작업) 공장 내 집진기 안전발판 교체공사 중 재해자가 작업 중 집진기 인접 구조물 지붕(슬레이트)가 파손되면서 높이 7.0m 아래로 떨어져 사망",sif-manufacturing-1053-chunk-1,제조업등-1052,폭 30cm 이상의 발판을 설치하거나 안전방망 설치
Q25,제조업 사고사례,이 사고 상황의 재발을 막기 위해 어떤 조치가 필요한가요? (자동화설비(산업용로봇 포함) 작업) 현장 제조동에서 재해자가 아크 용접 자동설비의 연동장치를 해지하고 내부에서 작업 중 동작하는 설비에 끼여 사망,sif-manufacturing-1076-chunk-1,제조업등-1075,비정형(점검·청소·정비) 작업 수행 시 운전 정지 및 전원차단 실시
Q26,제조업 사고사례,이 사고 상황의 재발을 막기 위해 어떤 조치가 필요한가요? (전기설비 취급 작업) 현장에서 재해자가 전원이 미차단된 상태에서 변압기 누유부 청소를 위해 청소작업을 하려는 순간 전기 충전부에 감전되어 사망,sif-manufacturing-1078-chunk-1,제조업등-1077,정전전로에 대한 전로 차단 확인
Q27,제조업 사고사례,"이 사고 상황의 재발을 막기 위해 어떤 조치가 필요한가요? (크레인(천장주행, 갠트리, 지브 등) 사용 작업) 현장에서 재해자가 열간 단조프레스 정비를 위해 지게차 포크에 올라 장치의 덮개를 크레인으로 매달아 운반하던 중 섬유로프가 끊어지면서 떨어진 덮개에 맞아 떨어져(2m) 사망",sif-manufacturing-1080-chunk-1,제조업등-1079,훼손된 섬유로프의 사용금지
Q28,제조업 사고사례,이 사고 상황의 재발을 막기 위해 어떤 조치가 필요한가요? (혼재작업(작업자-작업차량)) 현장에서 재해자가 바닥을 청소하던 중 톤백을 운반하는 지게차에 부딪혀 사망,sif-manufacturing-1104-chunk-1,제조업등-1103,중량물 취급 작업계획서 작성 및 준수
Q29,제조업 사고사례,이 사고 상황의 재발을 막기 위해 어떤 조치가 필요한가요? (건설기계 사용 작업) 현장에서 청소 및 신호를 하던 근로자가 후진하는 굴착기 바퀴에 깔려 사망,sif-manufacturing-1140-chunk-1,제조업등-1139,차량계건설기계 작업계획서 작성 및 준수
Q30,제조업 사고사례,"이 사고 상황의 재발을 막기 위해 어떤 조치가 필요한가요? (피트, 맨홀, 오·폐수 처리시설 등 밀폐된 장소에서 작업) 현장에서 재해자가 이송해온 오니를 호퍼에 투입 후 암롤 박스 상부에서 박스 내부를 청소하던 중 의식을 잃고 추락하여 사망",sif-manufacturing-1148-chunk-1,제조업등-1147,작업장 내 유해·위험 물질 경보체계 개선
Q31,제조업 사고사례,이 사고 상황의 재발을 막기 위해 어떤 조치가 필요한가요? (인력 운반 작업) 현장에서 아크릴 생산공정에서 재해자가 판유리를 실은 이동식 적재대를 이동하는 중 적재대가 전도되어 아래에 깔려 사망,sif-manufacturing-115-chunk-1,제조업등-114,적재대에 고정이 되도록 전도방지조치 실시
Q32,제조업 사고사례,이 사고 상황의 재발을 막기 위해 어떤 조치가 필요한가요? (채석장에서의 작업) 현장 야적장에서 재해자가 차광막 설치 작업 중 상부에서 굴러 떨어진 대형 석재에 끼어 사망,sif-manufacturing-1180-chunk-1,제조업등-1179,적재·석재가 낙하붕괴되지 않도록 안전조치 실시
Q33,제조업 사고사례,이 사고 상황의 재발을 막기 위해 어떤 조치가 필요한가요? (차량 운전 등 작업) 현장에서 화물차가 후진 주차하던 중 재해자가 차량 후미와 작업장 내 기구물 사이에 신체가 끼어 사망,sif-manufacturing-1357-chunk-1,제조업등-1356,안전한 통로 설치 철저
Q34,제조업 사고사례,이 사고 상황의 재발을 막기 위해 어떤 조치가 필요한가요? (용해로 사용 작업) 현장에서 재해자가 수증기 폭발이 발생하여 비산된 용탕으로 인해 전신에 화상을 입고 사망,sif-manufacturing-1522-chunk-1,제조업등-1521,용해로 작업 시 원료에 대한 물기 등 함유여부 확인 후 투입
Q35,제조업 사고사례,이 사고 상황의 재발을 막기 위해 어떤 조치가 필요한가요? (벌목·조재 작업) OO부지에서 재해자가 벌목작업 중 기계톱으로 벌도목을 벌채하던 중 벌도목이 넘어가며 벌도목에 맞아 사망,sif-manufacturing-155-chunk-1,제조업등-154,벌목작업 시 수구 각도 확인 및 안전 작업 실시
Q36,제조업 사고사례,이 사고 상황의 재발을 막기 위해 어떤 조치가 필요한가요? (조경·제초 작업) 재해자가 예초작업 중 예초기로 말벌집을 건드려 말벌에 머리(2곳)와 양팔(각 1곳)이 쏘여 병원으로 이송 후 치료받던 중 사망,sif-manufacturing-1587-chunk-1,제조업등-1586,작업 전 벌집유무 사전 확인 철저
Q37,제조업 사고사례,이 사고 상황의 재발을 막기 위해 어떤 조치가 필요한가요? (사다리차(이삿짐 운반용 차량) 사용 작업) OO아파트에서 이삿짐 운반 작업을 하던 재해자가 이삿짐운반용 리프트의 운반구에 올라가 이삿짐(매트리스)을 아파트 창문 안쪽으로 들여놓던 중 운반구에서 중심을 잃고 약 18.7미터 아래 바닥으로 떨어져 사망,sif-manufacturing-1699-chunk-1,제조업등-1698,운반구에 근로자 탑승금지
Q38,제조업 사고사례,이 사고 상황의 재발을 막기 위해 어떤 조치가 필요한가요? (잠수 작업) 여객선터미널에서 재해자가 정박 중인 선박의 스큐류에 끼인 모자반 및 폐기물 제거를 위해 수중작업을 완료하고 부상하던 중 모자반에 잠수용 공기호스가 걸려 잠수마스크에서 분리되어 수면으로 올라오지 못하고 사망,sif-manufacturing-1742-chunk-1,제조업등-1741,잠수작업 필수 휴대품 지급(신호밧줄 및 예리한 칼 등)
Q39,제조업 사고사례,"이 사고 상황의 재발을 막기 위해 어떤 조치가 필요한가요? (보일러, 공기압축기, 기타 설비 등 사용작업) 보관창고 내부에서 재해자가 드럼에 저장된 부동액을 공기압축기를 사용하여 보관탱크로 이송하던 중, 고압에 의해 파열된 드럼에 재해자가 맞아 사망",sif-manufacturing-1777-chunk-1,제조업등-1776,드럼의 목적 외 사용 금지
Q40,제조업 사고사례,이 사고 상황의 재발을 막기 위해 어떤 조치가 필요한가요? (폐기물 수거·선별 작업) 현장 폐기물(폐비닐 등) 집하장에서 재해자가 하역작업을 위해 암롤박스 위에 올라가 이동하던 중 바닥으로 떨어져 사망,sif-manufacturing-1807-chunk-1,제조업등-1806,비계를 조립하는 등의 방법으로 작업발판 설치 후 작업
Q41,제조업 사고사례,이 사고 상황의 재발을 막기 위해 어떤 조치가 필요한가요? (도로청소 등 환경미화 작업) OO소각장에서 재해자가 작업차량(압착식진개차)의 적재함 문(파카)과 적재함 사이에 끼어 사망,sif-manufacturing-1935-chunk-1,제조업등-1934,조작패널 설치위치 변경 및 비상정지스위치 설치
Q42,건설업 사고사례,"4.2.1 방수면처리, 방수 및 보호몰탈 등 시공 작업 중 추락 사고를 예방하려면 어떤 대책이 필요한가요? 현장에서 피재자가 옥상 경사 지붕에서 방수작업(부직포 설치) 중 몸의 중심을 잃고 지붕 단부에서 약 37m 아래 추락하여 사망",sif-construction-1004-chunk-1,건설업-1003,지붕 단부에서 작업할 경우 외부 비계 설치를 통해 작업발판 및 안전난간 설치
Q43,건설업 사고사례,1.2.3 흙막이 지보공 해체 작업 중 추락 사고를 예방하려면 어떤 대책이 필요한가요? 현장에서 피재자가 흙막이 해체작업 중 안전대 부착설비가 미설치된 띠장(폭=35cm) 위에서 몸의 중심을 잃고 떨어져(H≒3.3m)콘크리트 바닥에서 발견되어 병원으로 이송·치료 중 사망,sif-construction-103-chunk-1,건설업-102,"추락위험 구간에서 작업시 근로자의 추락재해예방을 위해 추락방호망, 안전난간 설치 또는 안전대 부착설비 설치 및 착용 후 작업 수행"
Q44,건설업 사고사례,"4.3.1 석재 및 타일 자재반입, 운반 작업 중 추락 사고를 예방하려면 어떤 대책이 필요한가요? 현장에서, 피재자가 외부비계 작업발판 위에서 석재판넬을 운반하던 중, 몸의 중심을 잃고 약 4.0m 아래 지상으로 떨어져 사망",sif-construction-1052-chunk-1,건설업-1051,비계 작업발판 설치 및 단부 내·외측에 안전난간 2단 설치
Q45,건설업 사고사례,"4.3.2 석재 및 타일 붙임 작업 중 추락 사고를 예방하려면 어떤 대책이 필요한가요? 현장에서 피재자가 지상4층 외벽마감(타일) 작업을 위해 테라스에 설치된 외부비계 작업발판을 이용하여 작업 중, 몸의 중심을 잃고 지상4층 바닥(H≒1.29m)으로 떨어져 사망",sif-construction-1067-chunk-1,건설업-1066,비계 내·외측에 안전난간 2단으로 견고하게 설치하고 작업여건 상 안전난간을 설치할 수 없는 경우에는 추락방호망 설치
Q46,건설업 사고사례,"4.3.3 석재 및 타일 줄눈, 코킹 시공 작업 중 추락 사고를 예방하려면 어떤 대책이 필요한가요? 현장에서 피재자가 건물 후면의 외부 쌍줄비계위에서 마감 작업 된 돌(대리석) 표면의 먼지를 닦던 중 몸의 중심을 잃고 비계에서 지상 바닥으로 떨어져(H≒2.2m) 사망",sif-construction-1090-chunk-1,건설업-1089,비계 내·외측에 안전난간 또는 수직방호망 설치
Q47,건설업 사고사례,4.4.1 도장 면처리 작업 중 추락 사고를 예방하려면 어떤 대책이 필요한가요? 현장에서 기둥 도장을 위해 출입구 우측 기둥 측면 사다리 위에서 도장 작업중 사다리가 미끄러지면서 바닥으로 떨어져 사망,sif-construction-1106-chunk-1,건설업-1105,추락위험 작업시 비계 등 작업발판 설치 및 고소작업대 사용
Q48,건설업 사고사례,4.4.2 실내 도장 작업 중 추락 사고를 예방하려면 어떤 대책이 필요한가요? 현장에서 피재자가 지하 1층 정화조 중간관리층에서 벽체 도장작업을 완료하고 동료근로자 2명과 함께 자재 및 공구 정리작업 중 바닥 개구부에서 높이 3.5M 아래 콘크리트 바닥으로 떨어져 사망,sif-construction-1125-chunk-1,건설업-1124,추락할 위험이 있는 개구부에는 안전난간 또는 덮개 등을 충분한 강도를 가진 구조로 튼튼하게 설치
Q49,건설업 사고사례,1.2.4 흙막이 지보공 자재반출 작업 중 추락 사고를 예방하려면 어떤 대책이 필요한가요? 현장에서 흙막이 가시설 1단 버팀대 위에 있는 이동식 화장실을 크레인으로 양중작업 중 피재자가 양중물인 이동식 화장실의 흔들림이 발생하면서 충돌하여 약 20m 아래 굴착면으로 추락하여 사망,sif-construction-113-chunk-1,건설업-112,중량물 취급 작업 시 근로자 출입 통제 및 유도자 배치
Q50,건설업 사고사례,4.4.3 실외 도장 작업 중 추락 사고를 예방하려면 어떤 대책이 필요한가요? 현장에서 옥상 외벽 테두리면 도장작업을 위해 쌍줄비계 위에서 도장작업 중 몸의 중심을 잃고 약15.5m 지상1층 바닥으로 떨어져 사망,sif-construction-1158-chunk-1,건설업-1157,비계 작업발판 설치 및 단부 내·외측에 안전난간 2단 설치
Q51,건설업 사고사례,"1.3.1 기초파일 자재, 장비반입, 운반, 보관 작업 중 추락 사고를 예방하려면 어떤 대책이 필요한가요? , 현장에서 피재자가 파일 항타기 도르래에 엉킨 와이어로프를 절단하기 위해 눕혀놓은 항타기 리더 상부에 올라가 절단 작업 중, 리더기 접합부의 볼트가 파단되면서 리더기 상부에서 지상 바닥으로 떨어져(H≒6.5m) 사망",sif-construction-123-chunk-1,건설업-122,항타기 연결볼트는 정기적으로 육안 및 비파괴검사 실시
Q52,건설업 사고사례,"4.5.1 금속 및 잡철물 자재반입, 가공 작업 중 추락 사고를 예방하려면 어떤 대책이 필요한가요? 현장에서 피재자가 전기집진기 자재(방화문) 반입을 위하여 환기구 상부 철재 그레이팅을 여는중 그레이팅과 함께 환기구 하부로 떨어져(H≒9.5m) 사망",sif-construction-1265-chunk-1,건설업-1264,추락할 위험이 있는 개구부에는 안전난간 또는 추락방호망 설치
Q53,건설업 사고사례,"4.5.2 금속 및 잡철물 시공 작업 중 추락 사고를 예방하려면 어떤 대책이 필요한가요? 현장에서 2층 바닥 높이에 빗물막이를 설치하기 위해 빗물막이의 철제 뼈대를 고소작업차의 작업발판에 싣고, 피재자가 고소작업차에 함께 탑승한 후, 설치 높이(H≒3m)까지 작업발판이 상승한 상태에서, 지면에 위치한 동료 근로자에게 공구(스패너)를 전달받기 위해 몸을 숙이던 중, 작업발판 바깥으로 몸의 무게중심이 쏠리며 바닥으로 떨어져(H≒3m) 사망",sif-construction-1267-chunk-1,건설업-1266,고소작업대를 사용하는 경우 탑승자가 작업대를 벗어나지 않도록 조치
Q54,건설업 사고사례,"4.6.1 창호 및 유리 자재반입, 가공, 운반 작업 중 추락 사고를 예방하려면 어떤 대책이 필요한가요? 현장에서 피재자가 지상4층 발코니에서 창틀에 창문을 설치하기 위해 자재를 옮기다가 몸의 중심을 잃고 발코니 외측 단부에서 추락하여 지상에 있던 고소작업대의 전도방지대(아웃트리거)에 목과 가슴을 부딪혀 사망",sif-construction-1300-chunk-1,건설업-1299,"발코니 등 단부를 통해 자재를 운반할 시, 안전난간대를 해체하는 행위를 금지, 고소작업대를 안전난간대 위로 상승시켜 자재를 운반하도록 조치"
Q55,건설업 사고사례,4.6.2 창호 및 유리 설치 작업 중 추락 사고를 예방하려면 어떤 대책이 필요한가요? 현장에서 피재자가 지상 2층 구간 외벽창호 설치작업을 위해 비계 발판 위로 이동 중 실족하여 지상 1층 바닥으로 떨어져(높이 약 3.7m) 사망,sif-construction-1312-chunk-1,건설업-1311,"외부비계 조립 시, 작업통로 작업발판을 밀실하게 설치하며 상하부 안전난간 설치 철저"
Q56,건설업 사고사례,"4.7.1 수장 자재반입, 운반 작업 중 추락 사고를 예방하려면 어떤 대책이 필요한가요? 현장에 피재자가 합판 운반 작업 중 2~3층 계단참에 적재한 합판이 전도되면서 계단을 내려가는 재해자를 덮쳐 바닥으로 넘어져 사망",sif-construction-1361-chunk-1,건설업-1360,"자재 적재 시 낙하 위험이 없는 구간에 눕혀서 적재하도록 하고, 만약 세워서 적재할 경우 지지대 설치 등 전도 방지 조치 실시"
Q57,건설업 사고사례,"4.7.2 수장 시공(석고보드, 도배 등) 작업 중 추락 사고를 예방하려면 어떤 대책이 필요한가요? 현장 지상 4층에서 피재자가 작업장 내를 이동하는 중 바닥개구부(1,100mm×1,100mm)를 통해 지상 1층 바닥으로 떨어져(H≒9.5m) 사망",sif-construction-1373-chunk-1,건설업-1372,추락할 위험이 있는 개구부에는 안전난간 또는 덮개 등을 충분한 강도를 가진 구조로 튼튼하게 설치
Q58,건설업 사고사례,"4.8.1 판넬 등 외부마감 자재반입, 운반 작업 중 추락 사고를 예방하려면 어떤 대책이 필요한가요? 현장에서 피재자가 옥상층에서 동료작업자와 함께 판넬을 운반하는 작업 중, 몸의 중심을 잃고 지상 1층 바닥(높이 약 13m)으로 떨어져 사망",sif-construction-1413-chunk-1,건설업-1412,추락 위험장소(슬래브 단부 등)에 안전난간 등 추락방지용 안전시설물을 견고하게 설치
Q59,건설업 사고사례,4.8.2 판넬 등 외부마감 시공 작업 중 추락 사고를 예방하려면 어떤 대책이 필요한가요? 현장에서 피재자가 지상 4층 지붕 위에서 지상 5층 벽체와 지붕 연결부 코킹작업 중 지붕 끝단에서 하부 약 10.5m 바닥으로 떨어져 사망,sif-construction-1450-chunk-1,건설업-1449,지붕 단부 등 추락위험이 있는 장소에는 안전난간 또는 추락방호망 설치
Q60,건설업 사고사례,"1.3.3 기초파일 항타 작업 중 추락 사고를 예방하려면 어떤 대책이 필요한가요? 현장에서 PHC 파일공인 재해자가 항타기 후면 발전기 상부에서 장비 점검 중 실족, 항타기 무한궤도로 추락(H≒3.6m)하여 사망",sif-construction-157-chunk-1,건설업-156,추락 위험 장소 작업시 안전한 구조의 작업발판 설치
Q61,건설업 사고사례,"5.1.1 전기설비 자재반입, 가공, 운반 작업 중 추락 사고를 예방하려면 어떤 대책이 필요한가요? 현장에서 재해자 2명이 공장 내 천정(EPS패널:샌드위치 패널) 위에서 자재를 운반하던 중 천정패널이 자재와 작업자의 하중 (약 180kg)을 견디지 못하고 처짐이 발생하면서 천정재와 함께 재해자 2명이 약 6m 아래 공장 내부바닥((콘크리트)으로 떨어져 1명이 사망, 1명이 부상",sif-construction-1712-chunk-1,건설업-1711,강도가 약한 마감재로 설치된 천장 작업 시 별도의 작업발판 설치 및 고소작업대 사용
Q62,건설업 사고사례,"1.1.2 굴착 작업 중 깔림 사고를 예방하려면 어떤 대책이 필요한가요? 현장에서 재해자가 넘어져 있던 이동식 가설방음벽을 파쇄암과 토사를 쌓아 둔 평탄하지 않은 바닥에 굴착기를 사용하여 세워 놓고 가설방음벽 하부에 돌을 끼워 넣는 작업 중, 세워 놓았던 가설방음벽이 재해자 방향으로 넘어지면서 가설방음벽에 깔려 사망",sif-construction-15-chunk-1,건설업-14,가설방음벽을 평탄한 바닥에 설치하고 고정하거나 붙들어 지탱하는 등 조치
Q63,건설업 사고사례,1.3.2 기초파일 천공 작업 중 깔림 사고를 예방하려면 어떤 대책이 필요한가요? 현장 지하 4층에서 재해자가 PRD 공법으로 시공 이후 매몰된 케이싱(강관파일)을 해체 작업 중 넘어지는 케이싱에 깔려 사망,sif-construction-151-chunk-1,건설업-150,"기초 파일 등 중량물을 들어올리거나 해체하는 작업 시 근로자의 작업위치와 작업방법, 전도 방지를 위한 안전대책이 포함된 작업계획서를 작성하고, 그 계획에 따라 작업을 하도록 지도·감독 실시"
Q64,건설업 사고사례,"1.4.1 토사반입 및 되메움 실시 작업 중 깔림 사고를 예방하려면 어떤 대책이 필요한가요? 현장에서 부지 매립공사 중 슬래그(slag) 운반용 덤프트럭(24톤)이 매립지반 단부에서 슬래그를 하역(Dumping)하는 순간 매립지반 단부가 침하되어 덤프트럭이 전락되면서, 근처에서 신호중인 재해자가 서있던 매립지반 단부에서 몸의 중심을 잃고 호(湖)안 매립지(갯벌)에 빠져 사망",sif-construction-164-chunk-1,건설업-163,매립지반 단부에서 하역작업을 실시하는 경우 무리하게 단부에 접근을 금지
Q65,건설업 사고사례,5.1.2 전기설비 배선 작업 중 깔림 사고를 예방하려면 어떤 대책이 필요한가요? 현장에서 피재자가 전신주 위에 올라가 전선을 철거하던 중 전신주 하단부가 파단 및 전도되면서 8m아래 지면으로 떨어져 사망,sif-construction-1734-chunk-1,건설업-1733,"추락 위험이 있는 전주작업 시, 고소작업대(차량탑재형), 활선버켓차 등을 이용한 작업방법 우선 고려"
Q66,건설업 사고사례,5.1.3 전기설비 설치 작업 중 깔림 사고를 예방하려면 어떤 대책이 필요한가요? 피재자 2명이 변압기를 운반하던 중 변압기가 재해자 쪽으로 넘어지면서 바닥과 변압기에 끼여 1명은 다리가 골절되었고 1명은 사망,sif-construction-1875-chunk-1,건설업-1874,자재 운반 중 전도의 위험이 있는 경우 자재를 넓은 발판 위에 올려놓고 고정장치 설치 후 운반
Q67,건설업 사고사례,"5.1.4 전기특고압선로, 활선 및 전주시공 작업 중 낙하 사고를 예방하려면 어떤 대책이 필요한가요? 전주를 이동식크레인 적재함에 상차하기 위하여 피재자가 야적장 바닥에 적치되어 있던 전주 2본(744kg)의 중간부분을 와이어로프로 묶어(1줄걸이) 이동식 크레인의 훅에 건 후, 3M 뒤로 물러나 인양되던 전주를 바라보던 중 크레인의 인양용 와이어로프(?8mm)가 절단되며 60°로 세워진 전주가 피재자 방향으로 넘어졌고, 전주의 끝부분에 머리를 맞아 사망",sif-construction-1898-chunk-1,건설업-1897,인양 중 낙하 위험범위 내로 작업자 접근금지
Q68,건설업 사고사례,"5.2.1 기계설비 자재반입, 가공, 운반 작업 중 낙하 사고를 예방하려면 어떤 대책이 필요한가요? 반입되어 눕혀있는 Shelf(W900*L2600*H5600,390KG)를 지게차의 포크에 걸쳐놓은 후 포크를 상승시키면서 Shelf를 세우던 중 상승하던 포크에 의해 발생한 관성에 의해 Shelf가 반대편으로 넘어가 반대편에서 Shelf의 하부를 지지하고 있던 피재자 2명이 넘어오는 Shelf와 바닥사이에 끼이면서 부상",sif-construction-1960-chunk-1,건설업-1959,설비 자재 세우기 작업시 크레인 등 양중 목적의 장비 사용
Q69,건설업 사고사례,1.6.1 그라우팅 장비 및 자재반입 작업 중 낙하 사고를 예방하려면 어떤 대책이 필요한가요? 현장 지반개량 작업장에서 피재자가 지반개량장비 해체작업 으로 롯드 연결 핀을 제거하기 위해 하부밴드위에서 상승하던 중 달기체인에 고정되어 있던 상부밴드가 떨어지면서 재해자를 타격하여 사망,sif-construction-202-chunk-1,건설업-201,상부밴드 낙하 등으로 근로자에게 위험을 미칠 우려가 있는 장소에 출입금지하고 작업발판 설치 후 작업 실시
Q70,건설업 사고사례,"1.6.2 그라우팅 천공 및 시공 작업 중 낙하 사고를 예방하려면 어떤 대책이 필요한가요? 현장에서 피재자가 차수공 천공 주입 중, 천공장비 상부 리더에 부착되어 있던 로프걸이용 도르레가 낙하하여(30m) 운전중이던 피재가가 맞아 사망",sif-construction-204-chunk-1,건설업-203,차량계 건설기계 사용에 따른 작업계획서 작성 및 작업지휘자 지정
Q71,건설업 사고사례,5.2.2 기계설비 설치 작업 중 낙하 사고를 예방하려면 어떤 대책이 필요한가요? 현장에서 피재자가 2층 내부 소방 배관공사를 하기 위하여 이동식크레인으로 고소작업대를 양중하여 슬라브에 전륜바퀴를 지지한 상태에서 고소작업대에 탑승하여 운전하던 중 고소작업차가 슬라브로부터 이탈하여 약 7m 아래로 떨어져 사망,sif-construction-2050-chunk-1,건설업-2049,장비 반입용 데크를 설치하거나 하이렌더 등 장비 반입에 적합한 장비 사용
Q72,건설업 사고사례,7.1.2 포장 시공 작업 중 붕괴 사고를 예방하려면 어떤 대책이 필요한가요? 피재자가 전날 아스콘 포장 후 설치한 PE방호벽을 철거하기 위해 이동 중 보도의 일부가 붕괴되며 공동으로 추락(H≒2.5m)하여 토사에 묻히며 파단된 상수도에서 쏟아진 유출수에 수몰되어 사망,sif-construction-2321-chunk-1,건설업-2320,작업 전 보도블럭 등 작업구간의 이상여부를 확인하고 특이사항이 있을 경우 작업 즉시 중단
Q73,건설업 사고사례,"8.3.2 교량 슬래브 및 부대공 작업 중 붕괴 사고를 예방하려면 어떤 대책이 필요한가요? 현장에서 교량(연장 50m, 플레이트 거더교) 슬래브 콘크리트 타설 중 상부 구조물이 붕괴되면서 근로자 8명이 교량 하부 저수지에 빠져 2명 사망, 6명 부상",sif-construction-2392-chunk-1,건설업-2391,설계도서 작성 시 국가설계기준 등 관련 기준을 반드시 준수
Q74,건설업 사고사례,"9.1.2 터널 버럭처리 작업 중 붕괴 사고를 예방하려면 어떤 대책이 필요한가요? 현장에서 터널 발파 후 굴착기로 막장면 부석정리 중 발파막장(N)과 후방막장(N+1, STA. 25+211.1)의 천단부(높이≒7m)에서 쐐기형태 낙반(무게≒30톤)이 굴착기 운전석으로 떨어져 굴착기에 탑승 중인 재해자가 사망",sif-construction-2401-chunk-1,건설업-2400,터널 지보공 설치작업 시 숏크리트 타설방법 및 두께 관리
Q75,건설업 사고사례,1.1.3 굴착 토사반출 작업 중 부딪힘 사고를 예방하려면 어떤 대책이 필요한가요? 2017월 11월경 현장에서 토사 반출 작업을 위하여 덤프트럭(25.5ton)이 현장 내 가설도로에서 이동 중 앞서 걸어가고 있던 작업자를 치어 사망,sif-construction-18-chunk-1,건설업-17,차량계 건설기계 작업시 근로자 출입 통제 및 장비에 부딪칠 위험이 없는 장소에 유도자 배치
Q76,건설업 사고사례,"1.5.1 발파 작업(천공, 장약, 발파 등) 작업 중 부딪힘 사고를 예방하려면 어떤 대책이 필요한가요? ○○ 채석장에서 재해자가 발파 후 암석을 덤프트럭에 상차하기 위하여 발파 작업장으로부터 약 80미터 떨어진 굴삭기(1.0w)에 탑승하여 대기하던 중, 발파 작업시 발생한 암석(11kg)이 날아와 굴삭기 운전석에 앉아 있던 재해자의 가슴부위를 가격하여 사망",sif-construction-197-chunk-1,건설업-196,발파작업 시 비산석의 위험이 있는 지점까지 출입금지구역 설정 및 출입제한 철저
Q77,건설업 사고사례,5.3.1 엘리베이터 기계 설치 작업 중 부딪힘 사고를 예방하려면 어떤 대책이 필요한가요? 현장에서 피재자가 주차타워 내부에서 월 브라켓(Wall Brackets) 용접 작업 중 하강하는 카 리프트 카운터 웨이트(Counter Weight)에 부딪혀 사망,sif-construction-2190-chunk-1,건설업-2189,승강기 내 또는 근접하여 작업하는 경우 전원 차단 및 조작부 잠금장치 설치 등 승강기 운전을 정지하고 작업지휘자를 배치하여 작업
Q78,건설업 사고사례,"6.1.2 조경 시공 및 설치 작업 중 전도 사고를 예방하려면 어떤 대책이 필요한가요? 현장에서 근로자 9명이 작업구역으로 이동하기 위해 소형 덤프트럭(1톤)의 승차석과 외부 적재함에 나누어 타고 관리도로(아스콘포장, 폭 2.8m, 하향경사 약 22%)를 통해 이동하던 중 차량이 도로를 이탈, 약 15m 아래의 경사지로 떨어져 1명이 사망하고, 8명이 부상",sif-construction-2251-chunk-1,건설업-2250,차량계 건설기계 승차석 외의 탑승금지
Q79,건설업 사고사례,7.1.1 포장 장비 반입 작업 중 전도 사고를 예방하려면 어떤 대책이 필요한가요? 현장에서 피재자가 굴착기를 운전하여 경계석을 운반하던 중 넘어지는 굴착기에 깔려 사망,sif-construction-2309-chunk-1,건설업-2308,"차량계 건설기계의 전도방지를 위한 유도자 배치, 침하방지 등 조치 실시"
Q80,건설업 사고사례,7.2.1 포설 및 다짐 작업 중 전도 사고를 예방하려면 어떤 대책이 필요한가요? 현장에서 피재자가 진동롤러(10ton)를 이동시키는 과정에서 쇄석 구간을 운행하던 중 진동롤러가 측면으로 미끄러지며 보강토 옹벽 상단부에서 8m 아래 도로로 떨어지면서 전복된 진동롤러에 깔려 사망,sif-construction-2348-chunk-1,건설업-2347,건설기계를 사용하는 작업 시 장비유도자 배치
Q81,건설업 사고사례,"5.3.2 엘리베이터 가이드레일 설치 작업 중 끼임 사고를 예방하려면 어떤 대책이 필요한가요? 작업을 실시하고 공구 등을 아래로 내리던 중, 1.5m떨어진 Panel Lifter 1호기의 커플링에 재해자의 상체에 착용된 안전대 걸이(2개걸이 방식)가 말려 어깨 및 엉덩이 부위가 절단되어 사망",sif-construction-2231-chunk-1,건설업-2230,"승강기 설치, 정비, 보수 등의 작업 시 운전 정지 및 전원 차단 조치"
Q82,건설업 사고사례,"8.2.1 하부공 철근 운반, 인양 및 조립 작업 중 끼임 사고를 예방하려면 어떤 대책이 필요한가요? 현장에서 철근공인 재해자 2명이 교대 벽체 철근조립 작업 중 기 조립된 철근이 기울어져 바로 세우려는 순간 수직 철근이 갑자기 횡방향으로 넘어지면서 수직철근 사이에 끼여 부상",sif-construction-2361-chunk-1,건설업-2360,자재 등의 전도 위험이 있는 경우 전도 방지용 지지대 설치 등 조치
Q83,건설업 사고사례,"9.3.1 터널 강지보, 숏크리트, 락볼트 등 작업 중 끼임 사고를 예방하려면 어떤 대책이 필요한가요? 터널 막장면에서 피재자가 막장면에 세워져 있던 지보재 다발의 슬링벨트를 제거하려던 중 재해자 근처에 있던 터널용고소작업차(차징카)가 움직이면서 작업대(케이지)와 지보재 사이에 끼여 사망",sif-construction-2407-chunk-1,건설업-2406,근로자가 고소작업차 등에 탑승하여 작업을 수행하는 경우 유도자를 배치하여 신호에 따라 작업
Q84,건설업 사고사례,"2.1.1 거푸집 자재반입, 가공, 운반 작업 중 감전 사고를 예방하려면 어떤 대책이 필요한가요? ○○신축공사 현장 지상 2층 계단참에서 휴대용 원형톱으로 거푸집 제작 및 설치작업 중이던 피재자가 절연파괴된 원형톱 금속제 외함의 누설전류에 감전되어 사망",sif-construction-217-chunk-1,건설업-216,"금속제 외함, 금속제 외피, 철대 등은 접지를 실시"
Q85,건설업 사고사례,11.2.1 가설도로 벌목 및 표토 제거 작업 중 감전 사고를 예방하려면 어떤 대책이 필요한가요? 현장에서 벌목작업 중 넘어지는 소나무에 의해 전신주의 특고압(22.9kv) 전력선과 가공지선이 피재자가 엉킨 전선을 풀기위해 전신주에 올라가 고압선에 로프를 걸고 내려오려는 도중 감전돼 지상(h≒13m)으로 떨어져 사망,sif-construction-2519-chunk-1,건설업-2518,"전기기계기구 및 전선 등의 정비, 보수작업 시에는 반드시 전원을 차단 후 정전 상태여부 확인 후 작업 수행"
Q86,사고사망 통계,2025년 5인 ~ 9인 사업장의 사고사망자 수는 몇 명인가요?,death-by-size-5인 ~ 9인-chunk-1,통계-5-9인,2025년 사고사망자수는 107명.
Q87,사고사망 통계,2025년 10인 ~ 19인 사업장의 사고사망자 수는 몇 명인가요?,death-by-size-10인 ~ 19인-chunk-1,통계-10-19인,2025년 사고사망자수는 113명.
Q88,사고사망 통계,2025년 20인 ~ 29인 사업장의 사고사망자 수는 몇 명인가요?,death-by-size-20인 ~ 29인-chunk-1,통계-20-29인,2025년 사고사망자수는 49명.
Q89,사고사망 통계,2025년 30인 ~ 49인 사업장의 사고사망자 수는 몇 명인가요?,death-by-size-30인 ~ 49인-chunk-1,통계-30-49인,2025년 사고사망자수는 63명.
Q90,사고사망 통계,2025년 50인 ~ 99인 사업장의 사고사망자 수는 몇 명인가요?,death-by-size-50인 ~ 99인-chunk-1,통계-50-99인,2025년 사고사망자수는 47명.
Q91,사고사망 통계,2025년 100인 ~ 299인 사업장의 사고사망자 수는 몇 명인가요?,death-by-size-100인 ~ 299인-chunk-1,통계-100-299인,2025년 사고사망자수는 74명.
Q92,사고사망 통계,2025년 300인 ~ 499인 사업장의 사고사망자 수는 몇 명인가요?,death-by-size-300인 ~ 499인-chunk-1,통계-300-499인,2025년 사고사망자수는 12명.
Q93,사고사망 통계,2025년 500인 ~ 999인 사업장의 사고사망자 수는 몇 명인가요?,death-by-size-500인 ~ 999인-chunk-1,통계-500-999인,2025년 사고사망자수는 19명.
Q94,사고사망 통계,"2025년 1,000인 이상 사업장의 사고사망자 수는 몇 명인가요?","death-by-size-1,000인 이상-chunk-1",통계-1000인이상,2025년 사고사망자수는 34명.
Q95,사고사망 통계,2008년 5인 미만 사업장의 사고사망자 수는 몇 명인가요?,death-by-size-5인 미만-chunk-1,통계-5인미만,2008년 389명
Q96,사고사망 통계,2012년 5인 ~ 9인 사업장의 사고사망자 수는 몇 명인가요?,death-by-size-5인 ~ 9인-chunk-1,통계-5-9인,2012년 181명
Q97,사고사망 통계,2004년 10인 ~ 19인 사업장의 사고사망자 수는 몇 명인가요?,death-by-size-10인 ~ 19인-chunk-1,통계-10-19인,2004년 204명
Q98,사고사망 통계,2007년 20인 ~ 29인 사업장의 사고사망자 수는 몇 명인가요?,death-by-size-20인 ~ 29인-chunk-1,통계-20-29인,2007년 103명
Q99,사고사망 통계,2011년 30인 ~ 49인 사업장의 사고사망자 수는 몇 명인가요?,death-by-size-30인 ~ 49인-chunk-1,통계-30-49인,2011년 100명
Q100,사고사망 통계,2008년 50인 ~ 99인 사업장의 사고사망자 수는 몇 명인가요?,death-by-size-50인 ~ 99인-chunk-1,통계-50-99인,2008년 148명
